sample_id,species_code,species,dm_pct,om_pct,ndf_pct,adf_pct,ee_pct,cp_pct,lignin_pct,tdn_pct
MOM_1,MOM,Megathyrsus maximus cv. Mombaça,16.497063331070127,89.11510331049591,67.39250883269777,33.37377433047652,0.7097631925682641,15.541578953266795,3.739083375412103,46.18714162074424
MOM_2,MOM,Megathyrsus maximus cv. Mombaça,23.721345617449536,89.95435005777617,66.61674600514102,34.5144556540425,1.4034062656152941,15.72807438770026,3.2310583406471,50.1498256459989
MOM_3,MOM,Megathyrsus maximus cv. Mombaça,30.839753841731234,88.471561795238,63.93508666768959,31.955431418747697,1.3320580567774805,12.726122032242287,3.692407795113046,50.84090359082274
MOM_4,MOM,Megathyrsus maximus cv. Mombaça,32.03360304129302,87.27621995259958,67.50538917822513,29.734445874590087,1.254663022167943,14.67805084090394,3.120003242299168,49.070072153840904
MOM_5,MOM,Megathyrsus maximus cv. Mombaça,31.632190669570114,87.58334553936102,61.7169366504526,29.562369035196497,0.7040056057704144,12.632029441060773,2.770559969715955,50.721571836757924
MOM_6,MOM,Megathyrsus maximus cv. Mombaça,33.804533874777206,85.72708142369775,62.78566409197005,29.905594443382753,0.5572914887215894,13.726442469045908,2.707252902822379,48.749232339080486
MOM_7,MOM,Megathyrsus maximus cv. Mombaça,32.320378381168354,87.11088419579332,59.861625469600966,31.08740709696668,1.1781284405992898,9.831885167108927,3.0220782205772325,51.364684078858616
MOM_8,MOM,Megathyrsus maximus cv. Mombaça,29.616599633017444,88.24480110578595,63.69049584936986,32.91692837040944,0.880760907322588,12.084890534459543,3.0904873686070697,50.18988483774333
MOM_9,MOM,Megathyrsus maximus cv. Mombaça,33.70797774107446,90.2087533585416,68.00149333938506,30.570081843807518,1.3701324569231368,13.87642842578682,3.217826685106332,51.599447990688155
MOM_10,MOM,Megathyrsus maximus cv. Mombaça,34.162735668087656,91.70785889188969,69.48939756949753,31.18619144869268,1.0374196216841876,11.454327508572833,3.1510384020956255,51.275513652472405
MOM_11,MOM,Megathyrsus maximus cv. Mombaça,30.43363008244026,90.63006208691291,56.40686638346921,28.112920328107577,0.9057474918393768,14.17807856492478,2.7090259864170196,52.499946375735085
MOM_12,MOM,Megathyrsus maximus cv. Mombaça,29.78993408832595,90.88724728747111,61.381737775828576,29.448290003632057,1.3237666817802178,14.15186081061589,2.6480375736045,51.80658498097879
MOM_13,MOM,Megathyrsus maximus cv. Mombaça,32.795249530944176,89.80750691541253,61.47870676240829,29.018540678941672,1.3180269465946644,13.22977112779973,2.452516673485036,50.74723608023077
MOM_14,MOM,Megathyrsus maximus cv. Mombaça,31.603905589202967,88.9635730661249,59.43358693055036,28.57428423050543,0.7399004472983854,11.231296558401642,3.2125456765164833,51.342044452530445
MOM_15,MOM,Megathyrsus maximus cv. Mombaça,35.227647531760915,91.46578956657964,63.383602572180486,27.91495364273254,0.6745826071149208,11.23889710607256,2.323883510184854,56.06344669148797
MOM_16,MOM,Megathyrsus maximus cv. Mombaça,21.83205204270937,90.83701199342262,55.74501567963417,25.8431026181632,2.016125918800962,13.829475622340007,2.5853342904517733,52.70795263221379
MOM_17,MOM,Megathyrsus maximus cv. Mombaça,28.39993199734055,87.17781392969707,60.44216956096223,29.512332698767597,0.7348953443368003,14.7947424267832,4.025252133898813,48.76894761614892
MOM_18,MOM,Megathyrsus maximus cv. Mombaça,21.3028621867242,88.63038719296569,65.33285715964904,33.0813602475708,1.8910400550340074,13.475362043004788,3.250963900375503,49.94737474720738
MOM_19,MOM,Megathyrsus maximus cv. Mombaça,24.324715945757706,89.08066430092454,65.93865065575147,32.002003258564535,1.2645403014250458,14.174447213871382,3.656110363966908,51.62035243616891
MOM_20,MOM,Megathyrsus maximus cv. Mombaça,22.61874348119286,88.28301955742711,56.758302762756635,27.116799707694806,1.9693945541918993,11.071008480400776,3.229157925099823,55.78270311327643
MOM_21,MOM,Megathyrsus maximus cv. Mombaça,33.475752636883314,85.78024089259485,58.88898342173075,30.155062067110144,2.7029458282111762,9.303921838228778,3.060480354874589,53.23700327800207
MOM_22,MOM,Megathyrsus maximus cv. Mombaça,32.52304859122541,83.26490069257159,56.07084554879828,36.38838622969192,3.0827096689111078,8.512985047131567,4.829938484223703,49.66656912824236
MOM_23,MOM,Megathyrsus maximus cv. Mombaça,34.949165411227874,84.09143732501877,57.934845835789524,31.900397988467606,2.1151790708985083,5.740195194133927,3.2500944056568315,50.942029126081295
MOM_24,MOM,Megathyrsus maximus cv. Mombaça,34.75623010902171,86.35031545687296,61.79745894506846,33.310488841136966,1.743387765148149,5.674399050357886,2.636714397863254,52.35245119912404
MOM_25,MOM,Megathyrsus maximus cv. Mombaça,27.13883075238058,88.8991010009433,60.9681555608529,31.013370391779244,2.338670911522898,10.663075342207549,3.8265475357434964,53.32740911464091
MOM_26,MOM,Megathyrsus maximus cv. Mombaça,24.00175517564443,89.50986743467068,66.07605745311442,35.94675548781168,1.3107601136669773,10.457213542090132,3.236954607000659,51.29868963116076
MOM_27,MOM,Megathyrsus maximus cv. Mombaça,27.839026157092235,88.29334891236932,56.148181901844715,27.404472979053303,2.538832530910436,14.296536883961728,2.204241754019653,54.66617473761515
MOM_28,MOM,Megathyrsus maximus cv. Mombaça,27.139954350454836,87.58364314842956,59.98711129061187,31.439775258595333,1.692060692005247,14.37634713196288,3.27643862502478,52.50270022743744
MOM_29,MOM,Megathyrsus maximus cv. Mombaça,23.868417522589816,86.41821395506885,66.08187668575484,36.38479752613799,2.418975739231749,9.25100767277522,3.3030190404394846,50.00642025197829
MOM_30,MOM,Megathyrsus maximus cv. Mombaça,21.694164467170907,88.27488367411262,59.2088335950116,30.49114442569174,2.772410955200398,13.835651697198822,3.1852047945898883,49.30014992027038
MOM_31,MOM,Megathyrsus maximus cv. Mombaça,27.607818532469306,87.79012439596065,59.6678116148748,30.749143130331063,2.3416356506754803,14.835113011365596,3.1975712218787256,53.19474971600145
MOM_32,MOM,Megathyrsus maximus cv. Mombaça,26.830222697962878,88.70057465966242,62.30177821981951,33.15472893408153,2.0190014305020862,11.537568579332774,2.9344581461997654,53.02783106052783
MIYAGI_1,MIYAGI,Megathyrsus maximus cv. Miyagui,20.11230012053037,91.79132047936585,52.24841450591772,21.949594043682566,2.187599298878336,21.89887068170883,2.1811134159657546,53.219885362781014
MIYAGI_2,MIYAGI,Megathyrsus maximus cv. Miyagui,28.459766398691237,91.22953580718399,63.571451900487155,27.28906447818808,1.8951894929999655,15.72602884222527,2.998761658279759,54.621679823157685
MIYAGI_3,MIYAGI,Megathyrsus maximus cv. Miyagui,22.77101367674321,90.64357485362956,65.10377077115226,30.143500284946693,1.6010232066198238,16.33627550200351,3.499335024928607,51.1176922346539
MIYAGI_4,MIYAGI,Megathyrsus maximus cv. Miyagui,21.578650832829602,91.1699393272983,68.13187899932072,28.917550517614682,1.7215376028005176,18.492285642737517,2.7921266122313377,50.09828905844387
MIYAGI_5,MIYAGI,Megathyrsus maximus cv. Miyagui,27.21690816094964,90.09144629948477,64.82757947184771,28.8766060356094,1.1112255535857318,16.90577907602033,2.946136035635244,53.28905240337016
MIYAGI_6,MIYAGI,Megathyrsus maximus cv. Miyagui,27.660275921233573,89.61466715339357,64.52717963293712,30.39392506457888,0.9647090019937916,13.507208910200793,3.6833203871208577,52.784351078036984
MIYAGI_7,MIYAGI,Megathyrsus maximus cv. Miyagui,32.44250159816628,89.97751681102986,61.45612431779997,29.941445347258277,1.3549332862755343,11.791301635458332,3.626706255099816,55.26251989253529
MIYAGI_8,MIYAGI,Megathyrsus maximus cv. Miyagui,34.30864620117474,89.43840659154822,63.04519799236667,29.532886577694264,1.2900737375786564,10.426707041858688,3.645994488925049,54.62931416549545
MIYAGI_9,MIYAGI,Megathyrsus maximus cv. Miyagui,37.47798674366092,89.69014467910644,65.06565625968736,26.23800879945451,1.3014644858627258,8.998771716415153,2.522844717708285,56.00095487053893
MIYAGI_10,MIYAGI,Megathyrsus maximus cv. Miyagui,26.89425121358853,91.66687183905822,64.96745077770888,30.522068722363482,1.254629103828939,12.786343284194077,3.4651968852936914,53.407453780254265
MIYAGI_11,MIYAGI,Megathyrsus maximus cv. Miyagui,19.630851701371498,92.23902257288236,65.08206606156874,30.108824702183,0.8079928370630138,13.350954133791742,3.3786908857884876,53.3085106176004
MIYAGI_12,MIYAGI,Megathyrsus maximus cv. Miyagui,33.2502609881388,91.32991146405651,67.09647293574453,29.56566010905824,0.7737370011454441,13.896430197695022,3.2590644404426263,51.719792555401476
MIYAGI_13,MIYAGI,Megathyrsus maximus cv. Miyagui,24.28637373848809,89.39564982642612,59.109250621833,29.58537863872562,1.3059380347610157,17.328942283389164,2.475321045128611,51.59044213317778
MIYAGI_14,MIYAGI,Megathyrsus maximus cv. Miyagui,25.507139109237656,90.38116773730897,65.67831176034916,32.718817296069034,0.9107621023147395,12.33859041285081,3.907262339242834,50.70963424328634
MIYAGI_15,MIYAGI,Megathyrsus maximus cv. Miyagui,21.24504755385163,89.8530900959801,61.08207985490076,29.417569529990473,1.309596981010455,18.561390547160123,3.484936290973812,50.21956915212706
MIYAGI_16,MIYAGI,Megathyrsus maximus cv. Miyagui,27.982409387767976,91.54857279955687,64.31514582314617,29.52608663351664,1.745217547463341,16.84808303082321,3.059927828084985,52.24618222073785
MIYAGI_17,MIYAGI,Megathyrsus maximus cv. Miyagui,24.369925684935982,90.58292424570776,66.82980458472318,31.70114694166255,0.8016477563823972,14.724861989971114,2.941898930616387,50.535394755427056
MIYAGI_18,MIYAGI,Megathyrsus maximus cv. Miyagui,20.85019568223353,89.05078466317318,63.45991518125971,31.266904266972094,0.9069827321237172,15.026247873377123,2.8559508883321683,50.26334246759185
MIYAGI_19,MIYAGI,Megathyrsus maximus cv. Miyagui,18.624146868244246,87.6114075631384,58.3811038261063,28.521767055970987,1.033401200758447,17.255406053065055,2.76030792408713,52.5344466254196
MIYAGI_20,MIYAGI,Megathyrsus maximus cv. Miyagui,26.53808012166717,90.06936350388563,59.68786139729216,25.68242903510279,1.6978088979790127,16.942167952458913,2.3459557926108467,52.016122877532396
MIYAGI_21,MIYAGI,Megathyrsus maximus cv. Miyagui,26.469723247177463,88.7958043299658,56.59537422435584,26.99490136907114,0.8030288455229588,15.01663593252284,3.819705212220132,54.25435321469087
MIYAGI_22,MIYAGI,Megathyrsus maximus cv. Miyagui,31.75495009865087,90.05820383747356,59.78373520010235,27.156107540429836,0.7032019147905615,11.543528643245274,3.246111255682069,54.66402673450343
MIYAGI_23,MIYAGI,Megathyrsus maximus cv. Miyagui,32.20657751466176,90.95072402638677,60.63721733818509,29.83730534881274,0.843330829473928,12.611292527774305,3.570329642449308,52.91680842808624
MIYAGI_24,MIYAGI,Megathyrsus maximus cv. Miyagui,30.50045412741812,90.8167341510625,61.62897701369052,28.716281602909472,1.3978972024440928,14.332243532791281,2.4217418058050293,53.397386596382354
MIYAGI_25,MIYAGI,Megathyrsus maximus cv. Miyagui,27.5141874666263,91.06543560262114,62.22188993008115,29.223724918014682,1.0038979239908385,14.127022466825503,2.7417169149704814,52.982600542156725
MIYAGI_26,MIYAGI,Megathyrsus maximus cv. Miyagui,30.8477521692881,90.29589006783812,66.10286735402002,28.444249999374836,1.1315428742009102,12.113795686083922,2.2151773113953768,51.490896281239486
MIYAGI_27,MIYAGI,Megathyrsus maximus cv. Miyagui,21.61274005149614,87.58179676982431,62.675912431245365,29.026161114935174,1.3356394162208245,12.530143522224368,2.249075039277202,51.45016003803856
MIYAGI_28,MIYAGI,Megathyrsus maximus cv. Miyagui,28.00777231135382,89.24786529587217,59.90966954289385,28.646494388300724,1.2818550144063507,14.937457561857661,2.0597994575510126,51.03771396541199
MASSAI_1,MASSAI,Megathyrsus maximus cv. Massai,27.05940274428378,93.2207381128004,59.97727857624314,26.068913370726847,1.1998469881580633,18.547690349978183,2.912258518720091,54.47864221922831
MASSAI_2,MASSAI,Megathyrsus maximus cv. Massai,28.534329227692254,92.79718108953728,66.03242863750508,31.78845186376098,1.3437461085316111,16.294347335685448,3.382717094301286,53.02951788169389
MASSAI_3,MASSAI,Megathyrsus maximus cv. Massai,24.74174978346771,91.17568578502811,68.33436880038512,33.34046068574804,1.1219857038129302,14.991092040387294,3.4417829787370735,50.16069584808806
MASSAI_4,MASSAI,Megathyrsus maximus cv. Massai,23.938069497488392,91.62334561762984,70.12579013388383,33.78256930733415,0.9977439867020342,15.042092308964714,3.3403300740181887,49.99347766090363
MASSAI_5,MASSAI,Megathyrsus maximus cv. Massai,27.471729737466884,94.0261247339637,74.38578924852413,38.322973595822184,1.236526483339107,9.49499207740249,5.655432054529798,53.864249982117386
MASSAI_6,MASSAI,Megathyrsus maximus cv. Massai,34.77651839166024,92.20353243425838,66.43874829712807,33.178458131279044,1.4107815422001004,9.822482232387186,4.398511245729099,56.369564794378306
MASSAI_7,MASSAI,Megathyrsus maximus cv. Massai,38.96605053607783,90.71539399366097,70.66027884992774,36.21481596489972,1.1032694147680764,7.563865157761984,5.95024087253614,53.87076101697563
MASSAI_8,MASSAI,Megathyrsus maximus cv. Massai,40.19573163799725,90.84085512178937,67.73492529857684,34.16205620100728,1.2454696450508451,8.784628575981749,5.279693517515213,54.074214237882046
MASSAI_9,MASSAI,Megathyrsus maximus cv. Massai,28.67067994129786,91.37482133764581,70.04840669935902,37.31774534205073,0.871005615589185,6.492099306424361,5.800560701064991,53.57098863887995
MASSAI_10,MASSAI,Megathyrsus maximus cv. Massai,29.148510496801226,93.10730070472708,61.60993414614998,27.717571798899655,0.8251183215369252,13.394533621620123,2.6285963767994303,55.312468842796896
MASSAI_11,MASSAI,Megathyrsus maximus cv. Massai,30.025156900746587,91.801824528059,65.72570653572807,29.405301482523328,0.9229933369021062,13.170258933976204,2.501416824862103,51.64091560279431
MASSAI_12,MASSAI,Megathyrsus maximus cv. Massai,31.436148891900757,91.07661536112082,64.8021592049021,29.052117482948635,1.3229260467780413,12.23847127154221,2.5058885685201284,52.30940808327378
MASSAI_13,MASSAI,Megathyrsus maximus cv. Massai,30.71677490630779,91.51473066909287,64.81943793973358,32.80983672030862,1.1953814993836456,13.606236931736968,2.704747027881196,53.148469210450905
MASSAI_14,MASSAI,Megathyrsus maximus cv. Massai,26.665389248365567,89.49993168327043,63.90480571763088,33.12784182898447,1.0885215134585668,12.965631352486305,3.186449401097402,51.31112618265865
MASSAI_15,MASSAI,Megathyrsus maximus cv. Massai,27.443285235941307,91.13834356724881,64.43505157457517,30.37743253488324,0.9878112150653546,16.604538751369656,2.8693443812147916,52.116894277458435
MASSAI_16,MASSAI,Megathyrsus maximus cv. Massai,28.06406356352311,91.19171624599774,65.77379285248904,32.20956999350608,1.1342041832025824,14.850307414539932,3.5983438987579106,52.67551041884098
MASSAI_17,MASSAI,Megathyrsus maximus cv. Massai,26.068526992539915,89.86460349677884,65.23781600687747,31.27040764159593,0.9444516232876269,12.610346248703372,2.2635982990120813,50.1285687134682
MASSAI_18,MASSAI,Megathyrsus maximus cv. Massai,22.700673893334415,89.98208984088814,67.61191465814169,33.48218286766633,1.3488338349235174,12.328307373725051,2.992304200424892,51.036014572059436
MASSAI_19,MASSAI,Megathyrsus maximus cv. Massai,24.19698095512592,87.68162084980361,63.85808287291886,31.549042219561187,1.1900291497887907,14.234922914670774,2.603461916601741,50.974632787447476
MASSAI_20,MASSAI,Megathyrsus maximus cv. Massai,29.464185976252814,90.5921652438428,60.44498558495759,27.022097767989763,1.540889435293844,14.219436129849903,2.186145894911256,53.48824326240071
MASSAI_21,MASSAI,Megathyrsus maximus cv. Massai,30.050785638074785,90.73570779581607,62.57089832180833,29.660548589073805,1.7538820351736655,13.415459331577928,4.828351326466315,53.82458356642677
MASSAI_22,MASSAI,Megathyrsus maximus cv. Massai,32.64104879581187,91.7239874801349,61.9973613611243,27.701738987652668,1.115482371095615,11.359266172385208,6.03345854384274,56.054440545674794
MASSAI_23,MASSAI,Megathyrsus maximus cv. Massai,32.8216212301186,90.57148154941713,60.99600522146056,31.642410009791604,1.3097350839352404,10.445165283538413,6.313018685012641,53.26567892432014
MASSAI_24,MASSAI,Megathyrsus maximus cv. Massai,30.406982119848585,90.12775385100089,62.39320686744371,30.122141834376613,1.3739500745938356,12.694293486408363,2.4220032084872374,52.25012250251808
MASSAI_25,MASSAI,Megathyrsus maximus cv. Massai,29.966953633568053,90.53960585618759,62.19090558169685,28.429623475812527,1.7128348352207061,12.69753877201392,2.5630345523563545,51.141813536881195
MASSAI_26,MASSAI,Megathyrsus maximus cv. Massai,30.48733925402238,89.49698367787937,62.82980622661038,29.553876338345475,1.8798649828814042,11.860477654988218,2.39569834878232,52.75439899025347
MASSAI_27,MASSAI,Megathyrsus maximus cv. Massai,31.01281115919179,88.40670991607779,64.10403437632573,30.62843210392494,1.7083645967586225,11.135425495081298,2.502368436255867,47.772875474783085
MASSAI_28,MASSAI,Megathyrsus maximus cv. Massai,29.271814331170564,89.87767651519975,66.78879618804775,31.900463858721594,1.4032156230857307,10.832401697235394,2.279943095287513,52.61673461515442
UB_1,UB,Urochloa brizantha cv. Marandu,26.957762975573104,88.3216564586711,54.1061400094354,28.503042204539152,1.48335287136602,10.560130820514434,3.4288717926246175,53.22590462897967
UB_2,UB,Urochloa brizantha cv. Marandu,25.753242265146447,88.40785132841347,52.88350658974285,25.825635450446704,1.6273514161895504,11.052894205300447,2.511789415019482,53.907825439125
UB_3,UB,Urochloa brizantha cv. Marandu,25.721990531001,88.17347179412647,52.83021421528513,26.548953792286778,1.739609632627499,9.704020075773503,4.682582437596725,52.9250751504568
UB_4,UB,Urochloa brizantha cv. Marandu,27.15677068253774,87.44575193190963,59.3894283457308,27.13761586461967,1.9226782396579787,7.311180646430227,2.8855959657661687,52.008510511821946
UB_5,UB,Urochloa brizantha cv. Marandu,27.751140854033952,87.25920199079351,57.16133817146949,28.04132576726027,1.9731716477302268,5.169339842650744,2.7815709616093995,52.782413452382244
UB_6,UB,Urochloa brizantha cv. Marandu,33.14906285406416,87.30001892191542,57.76758829325822,28.22983113009346,1.29957028467476,6.15702769954088,2.5832335689153023,53.90889438462253
UB_7,UB,Urochloa brizantha cv. Marandu,31.834684204834954,89.2830293438524,54.08245216569541,25.16987812115262,1.4127035149974474,8.614380209734133,3.293962220205076,55.04600017702235
UB_8,UB,Urochloa brizantha cv. Marandu,29.67759249997546,90.09989349729437,58.507246714828895,25.687213375290753,1.263719798214192,8.211086541579206,2.554630145910979,54.3543669749374
UB_9,UB,Urochloa brizantha cv. Marandu,24.046344963887208,90.20364306678307,51.39125136909896,22.84531610947434,0.9492368555557977,11.877098510483258,2.1188725214773614,54.05866273554121
UB_10,UB,Urochloa brizantha cv. Marandu,20.735938157556514,89.36515421116871,53.492904578802836,24.53443893623063,1.5327279238175338,9.860791245580785,4.425616384639686,52.44763506080333
UB_11,UB,Urochloa brizantha cv. Marandu,25.996094429608064,88.33080065736156,57.27651642959673,26.381904871856975,0.8132360367711304,12.823108143268536,3.4991501351365826,50.36921296607789
UB_12,UB,Urochloa brizantha cv. Marandu,24.75951227847462,89.88310179609397,53.27769915477302,21.564029515557714,1.6895809668620516,9.722825618171704,2.4065956156886372,55.64990241821082
UB_13,UB,Urochloa brizantha cv. Marandu,25.079213257428915,89.89960866647392,58.53793030556872,27.900159090135844,1.1180304302393493,8.826998510231284,2.279360700021879,50.40617934046627
UB_14,UB,Urochloa brizantha cv. Marandu,18.532827128182518,86.40130068587342,56.213068500227465,25.3093390206233,2.195612078426797,15.96468625100772,2.216958611542584,49.40771508106771
UB_15,UB,Urochloa brizantha cv. Marandu,21.619728933668686,87.1576626127022,58.23085046243843,27.48065718775445,1.3995664496284732,13.271606225519102,2.3745324173083215,50.0005404054823
UB_16,UB,Urochloa brizantha cv. Marandu,19.720668215859533,90.50524316769487,60.962038385363904,27.287519789159926,1.0497558986700848,12.998189411966615,2.164040123358596,54.10313436066486
UB_17,UB,Urochloa brizantha cv. Marandu,28.82544794942553,86.4816205109524,61.611947835791824,30.027829414241214,1.9821798357766758,10.96175186879211,2.3012533179285497,53.07838751938
UB_18,UB,Urochloa brizantha cv. Marandu,25.294991241354793,88.98156585854224,56.51237815882402,25.353383624713686,1.6608631474816056,8.69965267744389,2.1048677747779507,56.40805344930222
UB_19,UB,Urochloa brizantha cv. Marandu,26.72124980540663,88.11803589514813,56.45256901305057,25.533265557212548,1.9346150621462184,8.0176831716316,2.2128070096466788,56.6207363486947
UB_20,UB,Urochloa brizantha cv. Marandu,30.94622670537329,88.79026600614249,55.53624378230554,25.393096886086518,1.6757291150144005,7.016418035318937,2.2837321474230574,56.84558326514475
UB_21,UB,Urochloa brizantha cv. Marandu,34.6669307163424,88.44804133057067,56.671889825166126,26.967696573743677,1.8732524887430109,6.097311159528542,2.345128409180555,56.79451430089908
UB_22,UB,Urochloa brizantha cv. Marandu,27.299016332379043,88.76596679298935,52.648431124442965,24.03961379058581,2.6161790249767103,10.158844317463805,2.0224130581718036,56.59129101464807
UB_23,UB,Urochloa brizantha cv. Marandu,22.606166687064498,89.7574314487656,49.60835496714216,23.793598416818128,1.5355836883314298,12.33316936325975,2.076460001988862,56.55762930843796
UB_24,UB,Urochloa brizantha cv. Marandu,20.868851726364397,89.59894253056713,51.61663497955369,24.25173320037105,1.8285595804668886,11.837274261303381,2.21517975904896,56.10792360403643
UB_25,UB,Urochloa brizantha cv. Marandu,18.760492885741254,87.41879276534468,53.193694583087606,26.84900418472596,1.501673127096863,15.69058564743861,2.6750210986684375,52.83022201450312
UB_26,UB,Urochloa brizantha cv. Marandu,21.40950625391216,87.62128818248217,56.24947743835619,28.263965599446237,1.649706016193417,11.768010925616867,2.5386740629536577,51.4993399789089
UB_27,UB,Urochloa brizantha cv. Marandu,18.019962935395316,85.94916923383064,55.05209244690124,28.373865759627304,2.3635315335009413,11.64143766702949,3.191386101390492,51.22324977281698
UB_28,UB,Urochloa brizantha cv. Marandu,20.233786537559997,88.08089228284675,55.3008651985477,25.602385037773857,1.8281364843683607,14.752761082465323,2.3792131570155326,53.871444411372075
UB_29,UB,Urochloa brizantha cv. Marandu,21.508885926535623,88.18426173297846,53.77692991470246,25.64227379654373,1.8405871957016657,13.93155639005639,2.2310252736994363,54.7667437573797
UB_30,UB,Urochloa brizantha cv. Marandu,19.958376869863525,87.37495388654946,54.11599423443119,26.461263956604242,1.999776118251922,11.869827565388062,3.0715720550092223,53.047847633703576
SABIA_1,SABIA,Urochloa hybrid cv. Sabiá,23.72724858328672,93.38852271177765,48.23577980466947,22.265535756776792,2.059951082210601,15.250751318730204,1.965433460568176,59.373872650562156
SABIA_2,SABIA,Urochloa hybrid cv. Sabiá,16.37967211618259,91.52251228000645,45.560091848982445,20.16057621975359,3.198940743566762,21.02109293376603,2.85760419498608,57.62459897543123
SABIA_3,SABIA,Urochloa hybrid cv. Sabiá,20.278701389357686,90.99285068141783,55.674111438528584,24.58117163511407,1.7635018831224407,17.281656481014238,3.2626285214636215,54.33299896304493
SABIA_4,SABIA,Urochloa hybrid cv. Sabiá,17.212086798477173,90.78987347630141,50.80101914777502,22.733916835562017,1.9309817920680323,18.89011574878194,2.034350045634149,56.44855306555805
SABIA_5,SABIA,Urochloa hybrid cv. Sabiá,17.836343089848498,90.77071180340346,52.07213178243562,23.43598723354322,1.344515535676713,19.003597262870066,2.1153438391772657,55.75061308901768
SABIA_6,SABIA,Urochloa hybrid cv. Sabiá,18.746865352556078,90.79378014335583,55.98982971157443,24.674378430800424,2.1028411381829706,17.315478815430243,2.0156789092716303,59.58562397190152
SABIA_7,SABIA,Urochloa hybrid cv. Sabiá,19.38977518516829,90.03313215832152,55.18958999618424,24.286885979296933,1.966489434937564,13.692579667266097,3.123487512337565,58.81383407878038
SABIA_8,SABIA,Urochloa hybrid cv. Sabiá,22.122367087893494,89.52500301981387,52.874766994020966,22.836998996311674,1.5558686402136115,14.799641898890926,3.7422708632300883,58.15616481167287
SABIA_9,SABIA,Urochloa hybrid cv. Sabiá,27.892605050012026,90.03094215442883,54.067934132438644,23.166340839294115,2.209880218470218,13.084428881587232,4.121084419184679,59.3741634752265
SABIA_10,SABIA,Urochloa hybrid cv. Sabiá,33.010092773632294,90.62300687941325,52.55988229661176,22.441301801688397,2.085253449464152,11.209724570054595,4.252177789185785,60.3999219711073
SABIA_11,SABIA,Urochloa hybrid cv. Sabiá,28.80406117472321,91.75561908015902,54.76766173084156,23.925275737878472,1.845845799292551,13.279082831318629,3.824560897434589,59.80187041302106
SABIA_12,SABIA,Urochloa hybrid cv. Sabiá,24.341469458045694,92.12802389797436,54.3118270798534,24.316778465468154,2.411088529869151,13.728916623183334,4.189024903767908,58.76899567147451
SABIA_13,SABIA,Urochloa hybrid cv. Sabiá,21.471512761202742,91.58326523038136,56.11500499435429,24.061773396750077,2.1694643252973216,15.06060409892967,2.9056255581876833,56.64941461104101
SABIA_14,SABIA,Urochloa hybrid cv. Sabiá,17.641874722861033,89.51193378832376,48.80580453056376,22.028486142773378,1.352239799585191,18.75910874171037,2.183235232179674,56.8622932555439
SABIA_15,SABIA,Urochloa hybrid cv. Sabiá,17.418341548865584,88.36043011131554,54.45228210846397,26.10272212204321,1.4447434438844613,16.7977815802447,2.7244045701752166,52.29481303019254
SABIA_16,SABIA,Urochloa hybrid cv. Sabiá,15.523875890583486,89.39086368461557,49.17722848574137,23.748615767055725,2.8985431924745413,18.6592617606438,2.6291113182576034,56.004696207530465
SABIA_17,SABIA,Urochloa hybrid cv. Sabiá,19.61457264950605,91.00024920952868,55.197889067345194,24.575041417484066,1.4885755593581387,15.99123470609828,2.4692561169516147,55.83481697452924
SABIA_18,SABIA,Urochloa hybrid cv. Sabiá,20.628189524372555,89.67157009365008,53.651534617691816,24.619749070985147,1.0236118686318205,13.507481721599339,2.472011084227078,54.23125908630404
SABIA_19,SABIA,Urochloa hybrid cv. Sabiá,19.11834220151097,90.11827206641146,56.140554456221494,24.935736073480193,2.9077583610696838,15.300577811470113,2.695595326146798,57.862125632117404
SABIA_20,SABIA,Urochloa hybrid cv. Sabiá,18.95312433921913,88.21278788727327,53.853442052330095,23.385018872350972,2.770203395661577,17.407616741915447,2.6146594081805703,57.60361806707994
SABIA_21,SABIA,Urochloa hybrid cv. Sabiá,20.554952922278485,89.38111381117608,49.29366411819926,22.741023645896426,0.9286582624758901,17.32985010946563,3.2657306569289863,57.95070334585949
SABIA_22,SABIA,Urochloa hybrid cv. Sabiá,20.14905102019019,89.30450727290595,53.92627553351147,24.812800423702456,0.9936129784609761,14.285661781001366,6.818973515070763,57.146471386787205
SABIA_23,SABIA,Urochloa hybrid cv. Sabiá,24.511751161865835,89.9362121358358,48.82585979134055,21.36420270822048,1.118774013408792,13.466872946430025,3.9427964505251443,60.0508968363712
SABIA_24,SABIA,Urochloa hybrid cv. Sabiá,29.107953173597352,86.9848108701477,55.46919273989781,26.82817614598329,1.3095151290142615,10.783656328051395,5.761299318457504,53.15918414849984
SABIA_25,SABIA,Urochloa hybrid cv. Sabiá,26.210006826683443,90.24146771192588,54.426967304854685,23.676653289408364,1.3646856556591507,12.863027135078672,2.084103033671608,55.48781236453567
SABIA_26,SABIA,Urochloa hybrid cv. Sabiá,22.314262827729525,88.91413188535454,54.12788411062764,24.710754811571928,1.969283037147563,12.97158299420342,2.4,55.71303168070489
SABIA_27,SABIA,Urochloa hybrid cv. Sabiá,25.58340340613587,89.79260055105667,57.527673372528284,26.639254791316063,2.028780553781555,10.70445586874455,2.2304882025633845,53.608413688539464
MULATOII_1,MULATOII,Urochloa hybrid cv. Mulato II,23.820679278076344,92.8398899307505,50.30525044449529,22.018697775322035,1.0062507817300528,14.398556285777165,2.8292034406900926,56.8621259901475
MULATOII_2,MULATOII,Urochloa hybrid cv. Mulato II,16.8134050912576,91.72525602849119,46.23572245450777,19.48965918574355,1.6895606977418247,22.134361677415082,2.7473017961059982,56.7299692860046
MULATOII_3,MULATOII,Urochloa hybrid cv. Mulato II,19.168610692143478,89.56649845895345,52.07060036411343,23.496824058762478,2.2004309679453304,18.1068408670914,2.9222944214741933,55.69768163129674
MULATOII_4,MULATOII,Urochloa hybrid cv. Mulato II,15.707372161307593,88.22304808304908,51.55046394216024,23.544136040256294,2.2004327868063682,18.03574401875462,3.653715394686427,54.14434345487577
MULATOII_5,MULATOII,Urochloa hybrid cv. Mulato II,17.265664988213494,90.3449130546263,54.809166263064036,24.451634885007373,1.718215646488215,18.86261764160191,3.9511200825040325,53.79703533133041
MULATOII_6,MULATOII,Urochloa hybrid cv. Mulato II,18.62322244776153,89.66879363758852,57.620785628629406,25.483720868862715,1.2800930907237558,17.260777852854712,4.108170329619112,56.523419512810435
MULATOII_7,MULATOII,Urochloa hybrid cv. Mulato II,21.380785710108288,88.53111157702162,54.77924868243386,23.681676873260514,1.3496230149819821,14.044595509351955,4.052068814225599,56.33051422807417
MULATOII_8,MULATOII,Urochloa hybrid cv. Mulato II,27.34989685182035,89.67882784529112,56.62375655177281,26.756343859773352,1.4066228188776397,10.744866566867266,3.912282840786939,56.68535746731602
MULATOII_9,MULATOII,Urochloa hybrid cv. Mulato II,30.730176023158844,90.42843087257663,56.74732139032693,25.73902721378668,0.9114864393314848,11.505735431666233,4.5009544703511475,57.6718560148881
MULATOII_10,MULATOII,Urochloa hybrid cv. Mulato II,38.825282267921544,90.5809931590041,53.46572009351999,25.409233068565086,1.348221463491671,8.067415198077146,4.257430562599308,59.067923138830416
MULATOII_11,MULATOII,Urochloa hybrid cv. Mulato II,27.84672268614552,91.35707999176847,53.91818205016102,24.51994789429324,1.2538380358564165,12.759842228617293,3.8980263664500705,58.139705738011266
MULATOII_12,MULATOII,Urochloa hybrid cv. Mulato II,22.366726021755333,91.22688601064358,54.88572718132237,25.006030899900367,1.4878938777828798,14.111580962913918,3.635619425723708,58.60663689589307
MULATOII_13,MULATOII,Urochloa hybrid cv. Mulato II,20.04027522033834,89.75183345533155,55.3031082343869,25.214634590584296,0.972596959644569,14.859893074806337,2.858500916432377,54.46475874688044
MULATOII_14,MULATOII,Urochloa hybrid cv. Mulato II,17.28339779277322,88.08398910828075,43.388197859663336,21.421664661322563,1.3124952684649536,18.978458767676123,2.227704462380677,56.614042602974415
MULATOII_15,MULATOII,Urochloa hybrid cv. Mulato II,19.54297504567932,89.98562189169965,54.99742702924076,25.192791655319247,1.3278584417197428,14.146249643312109,2.8623003470430115,54.963791952675685
MULATOII_16,MULATOII,Urochloa hybrid cv. Mulato II,17.0627153298417,88.95679443169419,49.625623397266125,21.702531825860206,1.8926938794403274,20.102016985058686,2.896884098653136,55.5169704690826
MULATOII_17,MULATOII,Urochloa hybrid cv. Mulato II,17.449018651397665,89.492488407506,50.17329878763228,23.054886776202142,2.223950496056447,16.75026953841535,2.8354540365768757,57.38414372774127
MULATOII_18,MULATOII,Urochloa hybrid cv. Mulato II,18.276679610896377,88.59262784405912,52.04223455157899,24.026711913826233,1.4670893057066254,15.85775832820649,3.945227584547627,54.40405284970125
MULATOII_19,MULATOII,Urochloa hybrid cv. Mulato II,17.422064024634004,85.5329178925161,55.77283525821634,27.19186856990998,1.555686748816363,15.564754483665308,3.671595643930467,51.938126162663565
MULATOII_20,MULATOII,Urochloa hybrid cv. Mulato II,18.38104002033397,87.71669510974809,54.81399453552189,24.918308047205677,1.3701702563540161,16.059797763149135,3.7750022074670686,54.73059006956753
MULATOII_21,MULATOII,Urochloa hybrid cv. Mulato II,21.802165378734315,88.55575640917613,49.27121737917436,20.984007853358914,1.0940752071452708,16.413249264456123,2.935979860388626,56.51493958707926
MULATOII_22,MULATOII,Urochloa hybrid cv. Mulato II,23.036737309029622,87.71933031540301,57.4117941638753,25.344855187426695,0.7275550793424691,12.868441355179336,5.397472478931429,55.68020774220692
MULATOII_23,MULATOII,Urochloa hybrid cv. Mulato II,28.49771473659233,88.49822370195595,45.641466716138915,18.90171598132139,1.0338670729128818,11.4972955380912,3.4398326629761353,59.385672389876255
MULATOII_24,MULATOII,Urochloa hybrid cv. Mulato II,27.495949136805308,91.82911872918868,56.47281343122978,23.7135934198869,1.2795027483176542,12.763280662589143,6.883011175023805,57.12161278079268
MULATOII_25,MULATOII,Urochloa hybrid cv. Mulato II,27.07468891917698,89.31482847281262,52.27854839389363,22.949088412500043,2.555143890332447,13.487642695260037,4.35709960489597,57.71208463862569
MULATOII_26,MULATOII,Urochloa hybrid cv. Mulato II,23.444452666140435,89.78405370898064,48.94512325127193,22.997417671408353,2.432620449414714,13.438354098330796,5.7802989159684905,57.296734008265325
MULATOII_27,MULATOII,Urochloa hybrid cv. Mulato II,23.368774331167838,88.12021312217392,56.935291017337015,22.580950415992504,1.9458437962137507,12.305994488006684,6.01535840540814,53.7696020506095
UR_1,UR,Urochloa ruziziensis,21.976312880302263,94.98883740516958,49.80709067169201,22.340804551805608,2.42902483669179,15.542643826976535,2.0688672504773917,62.485497819434634
UR_2,UR,Urochloa ruziziensis,16.236192388036827,92.27031998028697,45.18623604294404,23.7575772848555,3.2472407283002465,20.131081006123477,2.3786550064005816,60.043688508525655
UR_3,UR,Urochloa ruziziensis,18.420821531142877,90.38085493870288,53.23187536144842,25.393765472720382,1.629898133054977,16.688785880497058,2.964022516748686,55.50327394656662
UR_4,UR,Urochloa ruziziensis,15.936030134157178,90.20443667199153,54.21858374499538,25.991660164856935,0.750143215904553,17.278752465874724,2.7018838096209676,54.39367898929756
UR_5,UR,Urochloa ruziziensis,15.681420570284077,91.13621516167935,61.516039521893056,30.17377218256118,0.8796342839881807,14.78932744211555,3.0682081443915927,51.394667788120344
UR_6,UR,Urochloa ruziziensis,20.661023494471703,90.07718390975755,62.82787652888545,31.418913992056684,1.2152989011517192,11.104679619996963,4.003503114364455,54.48078275242088
UR_7,UR,Urochloa ruziziensis,26.50835436680617,91.47585882496578,60.616822600512414,29.80409122507841,0.8755310054814132,8.978778900707686,4.574876691207178,56.35504585881436
UR_8,UR,Urochloa ruziziensis,31.121824497540228,89.32903495729042,58.82828120557503,27.66193326608749,0.9866180933673143,9.404865980965297,4.237296151143076,56.3129927629962
UR_9,UR,Urochloa ruziziensis,37.01623390521048,90.64100868826011,57.7915804684791,26.299759730744476,1.6143679281819558,8.925718115370238,3.2116810852190607,58.89427762460432
UR_10,UR,Urochloa ruziziensis,44.413463905171405,90.55756505418097,58.73121732865545,27.738723109850095,1.0072805766574915,7.863388518878503,3.734569317416894,57.59154771179856
UR_11,UR,Urochloa ruziziensis,25.14548383903949,91.41601471211051,51.15533633220987,23.178242101222512,1.653260928577122,13.098947162953628,2.8600298512561224,59.20145617716823
UR_12,UR,Urochloa ruziziensis,20.17081927101942,90.21020793925261,53.92359568221548,24.2149048677275,2.0659618102099837,12.697091693891181,3.2434747657502374,57.71498191395258
UR_13,UR,Urochloa ruziziensis,20.483027984820595,90.29739648769214,52.44908546828358,21.44786516171262,1.8278637146965278,11.904454746089389,2.6088821076589452,58.23157084870814
UR_14,UR,Urochloa ruziziensis,16.896954238986563,87.76683644550597,50.275954257740935,23.047703823627792,2.606165472117246,16.02294818232175,2.4170195620843176,56.380521637689974
UR_15,UR,Urochloa ruziziensis,18.31848746375455,86.74551030836558,54.58664317228207,26.72322842031448,1.6677433070774648,11.801918035306926,2.9205754298901945,52.813373451805674
UR_16,UR,Urochloa ruziziensis,15.897888728508104,84.96954784193456,49.975024058550574,25.427323540798575,1.9485114375199806,15.50223510600402,3.253156908210545,52.29548824046376
UR_17,UR,Urochloa ruziziensis,21.649497560792486,81.02352497020021,57.67661278295733,28.249171300573337,1.1917741624553053,10.533311447682424,3.4086005957543324,46.82448992917421
UR_18,UR,Urochloa ruziziensis,20.86900614188762,88.81509895184251,56.346508757810824,25.723296628494413,1.2611691607274413,11.969541368865727,3.35626955123615,54.49078650550178
UR_19,UR,Urochloa ruziziensis,21.513880365570778,83.02401093027757,59.06955978793217,29.851651017989756,1.5051998945315659,9.712280956496462,4.705552854458382,49.39248408471639
UR_20,UR,Urochloa ruziziensis,27.18740981170544,87.9077537093237,58.04524827574102,28.971076832838705,2.0587617149090773,11.986181639217115,4.509989705484265,55.37377527023745
UR_21,UR,Urochloa ruziziensis,42.3274166960373,83.58474721931924,50.77707035892721,26.052766796201453,1.1905750636709522,10.05931987792701,4.026145084302376,52.508901260016714
UR_22,UR,Urochloa ruziziensis,30.77088179441232,90.27359511276997,54.345072177964155,24.474735843486375,1.3702320037617088,11.796197599285822,5.479759839234276,59.283035524071984
UR_23,UR,Urochloa ruziziensis,31.98827780946437,90.4131221016979,45.24278734226151,18.9993711126924,2.493874314281109,11.967001257963997,5.756379663717317,62.34210170952509
UR_24,UR,Urochloa ruziziensis,27.200531799607642,90.15768355779704,50.001219290491115,21.998484750182637,1.9037594635605775,11.088142981738827,3.0492516660131894,59.12939942407282
UR_25,UR,Urochloa ruziziensis,25.227004589807894,89.82940101604736,48.468232605974414,20.316810042781956,1.5456406581021227,13.333590662163653,2.8682180126406736,57.5079383410071
UR_26,UR,Urochloa ruziziensis,21.24684001038905,89.993218635174,48.089088732583015,20.943541739385385,2.312355849127579,11.844300441758001,2.1348954637123088,57.42223936313159
UR_27,UR,Urochloa ruziziensis,24.54862643140393,88.99287256380434,53.68415673606387,22.291500336243807,1.9633168443262419,10.729940929529269,2.446084209909964,55.172852761031265
UH_1,UH,Urochloa humidicola,18.30999388759005,90.72359725792975,64.05581044989175,31.757046095629033,2.205328350612297,11.520748686751936,3.304184793925418,52.74770037407287
UH_2,UH,Urochloa humidicola,15.405762173822618,89.99855744199219,61.5066008772305,30.166591902494222,2.381975401895578,12.50620912938118,2.746184584248835,51.775788575506745
UH_3,UH,Urochloa humidicola,17.88789635264576,90.21638834389627,68.84356262322736,33.927917540245375,2.316414403064325,10.929624328072597,3.348281126811655,51.64372191755384
UH_4,UH,Urochloa humidicola,18.819697055478308,90.31875064638726,66.96434558174653,34.604035996359144,2.118110927547137,10.740020952107656,3.055883881321667,50.82509091789784
UH_5,UH,Urochloa humidicola,15.572431077746215,90.36585466136412,68.71731245090719,33.92772008724296,2.481195271085981,12.241603032283576,3.4140870986923137,50.446802232343494
UH_6,UH,Urochloa humidicola,16.902574835328572,90.54099623384019,63.74935564652907,30.693638496626583,2.8975964279839164,11.695752477463243,3.2742672925716287,52.12073580930119
UH_7,UH,Urochloa humidicola,18.857219191128582,90.71491330055642,68.52703758747784,33.06493697748747,2.2459548258009594,11.895536217233161,3.04338185315005,50.93561438735235
UH_8,UH,Urochloa humidicola,20.85163784132374,90.52066080868529,67.46629630031045,32.221900649541396,1.691338014136891,11.815537826154754,2.9940988755291795,52.069647627501666
UH_9,UH,Urochloa humidicola,21.092930146780763,89.00458595252866,63.48985894761272,31.308556369437774,1.9756118342849522,12.607006907969016,3.3265976941961517,53.4730436739021
UH_10,UH,Urochloa humidicola,29.39987827338275,89.16032204211719,60.67493191231613,28.47603004824874,0.9813624101098987,11.09074247958553,3.9622567560225175,55.1499267084378
UH_11,UH,Urochloa humidicola,27.55219901679897,90.12663307116263,63.43715983893057,30.876659091316355,1.946088123123025,10.881603440785758,5.1845906905360595,55.97360745967631
UH_12,UH,Urochloa humidicola,31.17392405171811,90.80935995524183,56.26562586306064,27.234671263903103,1.9401019857148736,10.239734757763065,3.9822341825974163,58.40934292231518
UH_13,UH,Urochloa humidicola,24.019099878454817,91.12415045696993,62.684836769683365,30.82279136795018,1.1196571542040268,10.46094836624433,5.950479468984763,52.52498241921976
UH_14,UH,Urochloa humidicola,21.229552237390177,89.71527646384283,64.6765518932645,30.88626280103498,1.6118539896330841,11.156406017559734,2.490045671704136,49.26348630383235
UD_1,UD,Urochloa decumbens,27.820756597216572,91.58303648597806,61.01414785382558,29.546635030896233,2.248841798260616,7.95323869816979,3.758084038571501,55.35294614643877
UD_2,UD,Urochloa decumbens,26.034307800173973,91.56562198389682,48.322871212168806,28.649821304171496,2.511567702839637,8.56542564748252,3.585000123375181,57.820959653552315
UD_3,UD,Urochloa decumbens,27.271386972532714,92.50542685643089,62.832952720704576,32.245540386886404,2.594970896955095,8.078648083682566,3.2982673648502234,54.987135868773386
UD_4,UD,Urochloa decumbens,25.540019583060566,92.59505459096458,57.608836379075896,28.352497229142838,2.7186496755701994,10.400370082456131,3.1329390260170107,56.12677127969774
UD_5,UD,Urochloa decumbens,30.57690881418528,92.03100456256806,66.25122437692309,35.42363506019943,1.5032862722367555,8.287697951784873,4.616226670284244,53.526618428966486
UD_6,UD,Urochloa decumbens,29.34913479350543,91.91817459115796,64.70973721631792,33.73411445277307,1.8754081181824924,5.959179316812697,3.7145005342020827,54.76653279574649
UD_7,UD,Urochloa decumbens,29.834624739666136,93.03834875819118,66.99798241632348,36.084756886614656,1.791054703697105,6.468399988142133,4.272313701047384,54.96107028741671
UD_8,UD,Urochloa decumbens,27.446148081229726,91.79309167282896,64.37303057746544,33.45277840980183,1.8924519184946664,6.343190633494086,3.705774431073447,54.519754806959256
UD_9,UD,Urochloa decumbens,32.073031259842985,92.64531579165289,65.46747308189954,35.04178145959973,1.5806054190913514,4.581900113839884,4.490072308973495,53.64373350719609
UD_10,UD,Urochloa decumbens,31.815452549756277,92.07622950495163,64.85997296750786,33.82534313566611,1.361064200377996,5.2939451275325915,4.6429905791033255,54.40342176403406
UD_11,UD,Urochloa decumbens,33.848230397726944,92.34657685009518,62.97407217585983,33.09769479984086,1.5947293713608304,5.532199232468711,4.508874537281564,55.72331835032469
UD_12,UD,Urochloa decumbens,32.17687734339251,92.88293967261558,64.48391533973006,34.516094358214524,1.6467569563397282,5.365437685056351,5.743831827141274,54.45837358503562
UD_13,UD,Urochloa decumbens,27.334312447604002,91.54049940325508,67.76526040216675,36.56728348109329,0.8884952551404798,6.044155791405688,6.37515499016337,51.23099350112869
UD_14,UD,Urochloa decumbens,27.948462682656228,91.86258859413775,69.35145970615643,37.589945516680636,1.0397299536273104,5.7601952611946174,6.21598637446578,52.611180586603616
UD_15,UD,Urochloa decumbens,27.406545032693444,89.30588991583483,72.13453486544371,42.24695415409329,1.2002279137100533,4.761358182366168,8.597746570412585,43.5580672008285
UD_16,UD,Urochloa decumbens,29.102025771111823,92.35381450433368,64.46784200439632,34.30905083938073,1.7649421725953225,7.819123668364549,5.16323771833868,52.60437782612124
UD_17,UD,Urochloa decumbens,26.818532552259494,89.1100502694276,64.4665180348058,34.02560622552069,1.7606737101508398,5.902636419710148,8.339124733364212,50.781563099753676
UD_18,UD,Urochloa decumbens,32.98145338009246,90.75533214730297,68.49718901531607,38.35171752205727,1.2486494841662992,5.797487333158591,6.735246472648466,50.73959517247829
UD_19,UD,Urochloa decumbens,24.015298356999548,88.85457334148035,66.0822980377016,35.53108357073021,1.8461348465965048,7.196833087496107,4.51672484229854,49.47561410111959
UD_20,UD,Urochloa decumbens,27.17645275623725,90.77927004371234,68.5449669551739,36.061969244926004,1.019896594194388,5.5169580634232585,6.176234161162845,50.27976839037438
UD_21,UD,Urochloa decumbens,33.19233359969684,91.89187502448868,73.39478334792516,35.513867797589995,0.6823529447747914,5.414175711931092,6.181970741573741,51.48629902796565
UD_22,UD,Urochloa decumbens,26.581977970723205,91.72445238891177,68.73132512753835,35.44574964619278,0.9985427002741023,6.898675901750323,7.504398446068886,51.174005775615605
UD_23,UD,Urochloa decumbens,33.08410935152455,91.91202827776627,71.10442774263761,36.84936602443972,1.0902532580970572,5.7296702836769615,8.42265581073869,51.29550161976746
UD_24,UD,Urochloa decumbens,28.569644769434213,92.80169665061605,69.11152861775562,34.613693101993505,1.7056750816420685,7.262108371373282,6.297069410281612,52.61042787721198
UD_25,UD,Urochloa decumbens,33.59067311741061,91.67388041017996,69.55844140932474,34.07499213806781,2.036983881869499,6.556389333347285,6.752928893017867,53.13454663759946
UD_26,UD,Urochloa decumbens,28.615416283479043,88.26810567700193,68.48150590959153,35.1952992629532,1.6278442506379005,7.403400586904661,5.521014376481785,48.948013185767415
UD_27,UD,Urochloa decumbens,26.24040209929355,87.31541686098228,67.15290681052333,33.69181589688374,1.6809845573018638,9.230263730288623,5.585261232963085,49.08788049145473
UD_28,UD,Urochloa decumbens,31.242170701340946,90.96145561647644,69.33846502942468,37.4515807816289,1.7567239717439436,6.152469201622682,5.281448861086379,51.732074713892736
UD_29,UD,Urochloa decumbens,37.47033293306256,91.4386003085823,68.63750127123816,38.424907653500426,1.3222563180451727,4.52249585934938,5.597104249961234,52.11887029506706
UD_30,UD,Urochloa decumbens,36.5999368232766,91.87132183974819,71.78426464819954,38.26089869403,1.347875841818785,5.512572516530858,7.759382361831695,51.96758675345155
UD_31,UD,Urochloa decumbens,30.94337385094033,92.041731460236,67.5770750338047,34.8682285209565,2.0026197406931026,7.957905535295078,7.2850590309655585,53.20785935214266
UD_32,UD,Urochloa decumbens,31.957833038141413,92.61751282441968,68.54947677575335,37.36253268804545,1.2286241309961314,6.783689417700469,7.044771514359095,52.71401822419115
UD_33,UD,Urochloa decumbens,35.63991557892845,92.22717732725678,67.4475470979229,32.3498909876225,2.3480014804625133,7.017201962984528,5.879733135494128,54.16468006409541
UD_34,UD,Urochloa decumbens,34.36008423234768,91.72127097234788,66.14921492345273,34.76508725191497,2.3637657598959736,6.0544429666467,5.108086317214665,52.46575982361068
UD_35,UD,Urochloa decumbens,31.906335841486715,88.99932011825803,65.60209798722713,33.00802972925987,2.579722374584696,9.705278967154975,4.388674505843355,51.01226391515655
UD_36,UD,Urochloa decumbens,41.98120107020642,91.47082092840844,67.78946655657028,37.01267365822795,2.688690703992876,4.605466046193772,6.163701846367289,53.089540794760644
UD_37,UD,Urochloa decumbens,39.33248189019766,91.75113439377643,70.3607831771137,35.40892151042206,2.60203287272679,5.418230113590875,5.984294813745681,54.3822396798028
UD_38,UD,Urochloa decumbens,47.38041238987382,90.25160290530155,71.01558783147104,39.54180748612259,1.4509441033088883,4.611988839906724,6.427870063938977,52.436348181981025
UD_39,UD,Urochloa decumbens,37.0748047437675,90.17766378661581,67.79892273430131,33.97613493975838,0.9876389580842274,6.556824147793677,5.407030487771368,52.49806339644283
UD_40,UD,Urochloa decumbens,40.34018032970861,92.8912135668387,71.34083030652751,37.050272579315916,1.0542978326528254,2.1834547328985763,5.54764817511608,54.27048750782848
UD_41,UD,Urochloa decumbens,46.97928670666341,93.11746878365382,73.20662046607707,40.9464387317253,1.62326665968326,4.04488233718316,6.508176427296341,52.928650804415405
UD_42,UD,Urochloa decumbens,45.19307487833124,92.1509903833657,71.27511310945565,39.61799361432391,1.7810208444814353,3.814186648454051,5.4259228542879745,51.81252634227865
UD_43,UD,Urochloa decumbens,36.38266834519343,89.88526059396487,66.75401007085964,35.47738360068434,1.4340608978703138,5.993372606519619,3.491237895559827,51.42067943798758
UD_44,UD,Urochloa decumbens,39.24970329967113,91.4793897095796,67.92569674396601,37.33704145808988,1.189976151882484,5.145941777259127,4.797293228776957,52.39032502636498
UD_45,UD,Urochloa decumbens,53.06102239993838,92.46749292492082,70.454737742575,38.94171223240329,1.6374230256824218,4.524016180442372,5.67524182538922,54.07652547576139
UD_46,UD,Urochloa decumbens,56.12600448889881,91.95260427677134,70.9616229233266,40.08519900081253,1.3985068290615306,4.1089793776791295,6.374924275483494,52.903983338954255
UD_47,UD,Urochloa decumbens,52.441755683338876,92.83835616820606,70.59236085290819,38.377817366316656,1.6868334833048944,4.726475291067125,6.901141718001339,54.24173095051836
UD_48,UD,Urochloa decumbens,50.17431472549477,92.38042625428528,70.02187351776783,37.655121838712134,1.3356370075221504,4.235662283122544,7.13128731393469,54.07651766353302
UD_49,UD,Urochloa decumbens,71.05428591924762,92.868569378527,74.06380357046557,40.76379841598291,1.3662746453982022,3.091078908623715,6.816007978912982,53.44916324606154
UD_50,UD,Urochloa decumbens,57.724082970327125,92.7617855598802,73.22451638072928,40.44763338758154,1.532198391979831,3.929916669753739,7.19467242031131,54.21225365326239
UD_51,UD,Urochloa decumbens,71.42891043298408,92.37223655294034,71.46502119815176,40.92563661263132,1.5293375398784774,3.2967949237366145,7.58825563947109,53.23817105661303
UD_52,UD,Urochloa decumbens,60.541941422636675,93.09351065748032,72.56154742016446,40.149600048746784,1.137980222642095,3.770122362994826,7.729250142870374,53.62792827804263
UD_53,UD,Urochloa decumbens,65.03222393115864,92.71938856316953,73.19284588808614,39.62835243037935,0.5038175278382457,3.8292814761126657,5.27981021420166,53.388498834997485
UD_54,UD,Urochloa decumbens,73.67388189669433,91.6511440415783,74.35159914089645,43.3662806732792,0.5010209667583414,3.1694203947779287,8.743689573538425,51.54287869515148
UD_55,UD,Urochloa decumbens,66.09234383105787,89.83106572072883,70.5278779863554,41.08863348518247,0.29180903120488166,3.8993246846650305,7.275946960828524,50.28553129274345
UD_56,UD,Urochloa decumbens,69.93749809992588,93.25604370791548,73.31820756277878,41.75178278496474,1.3020267721482608,3.537920134780567,7.241915085068113,53.475411181097726
CAPIACU_1,CAPIACU,Pennisetum purpureum cv. Capiaçu,11.982038324679237,83.53066101105,66.1642460741287,40.403823563510066,0.5406707153103825,6.75397487437316,4.66952550409111,43.433086275635084
CAPIACU_2,CAPIACU,Pennisetum purpureum cv. Capiaçu,13.730353747356034,87.66895947824098,66.8479840680536,36.94322744432194,2.157203944792696,6.254903316279112,3.15163697616918,51.11639646481469
CAPIACU_3,CAPIACU,Pennisetum purpureum cv. Capiaçu,16.11560326327424,89.70488655612101,71.17319687220143,42.53476800175402,1.912173311232349,5.832324743087588,3.666949812537193,51.254580075719865
CAPIACU_4,CAPIACU,Pennisetum purpureum cv. Capiaçu,15.747597210809781,88.6125412967582,72.00995557534715,43.43341555730236,2.1462351526411454,5.239478350486202,4.3196011161841295,50.34309160565537
CAPIACU_5,CAPIACU,Pennisetum purpureum cv. Capiaçu,14.307768285825617,87.29899827372529,69.18782901126094,38.63124867742185,2.527155536018729,9.16000873961401,5.0222743711378595,49.837944148212294
CAPIACU_6,CAPIACU,Pennisetum purpureum cv. Capiaçu,20.563280738817866,89.80328081377135,74.26308381423118,44.08143322996082,2.5653295037927024,5.505855016950989,5.280554120862554,52.49508404103796
CAPIACU_7,CAPIACU,Pennisetum purpureum cv. Capiaçu,23.55831517692262,92.02077706928438,72.90032949877246,44.90392106871745,1.1432799584958881,4.694161438254957,5.50187410248627,53.650183177043836
CAPIACU_8,CAPIACU,Pennisetum purpureum cv. Capiaçu,16.051410789702366,89.7940268762185,67.79821838643984,38.92415392538733,1.540476390848657,9.569634056918442,5.448097237472237,52.15641422937369
CAPIACU_9,CAPIACU,Pennisetum purpureum cv. Capiaçu,9.161724195602128,89.63318110712521,66.82381739571076,38.54136614951626,2.273659529534706,8.854562114459513,5.1052656686793885,53.631190553533344
CAPIACU_10,CAPIACU,Pennisetum purpureum cv. Capiaçu,9.709988947741422,89.53050490281134,67.1038867031501,36.98058917708646,1.9805945022134657,9.409563294985762,4.773224433033999,51.42069402774137
CAPIACU_11,CAPIACU,Pennisetum purpureum cv. Capiaçu,19.300586568690786,91.93608542376447,71.86360834853649,43.210248104616376,1.965099485610728,6.067390936347644,4.368221248459973,55.28054412127124
CAPIACU_12,CAPIACU,Pennisetum purpureum cv. Capiaçu,18.31849550429099,92.0559658868858,73.62524728225151,45.62087383342612,1.2336448716752202,11.54611297036933,4.04862950162463,53.98220205291913
CAPIACU_13,CAPIACU,Pennisetum purpureum cv. Capiaçu,8.936350279189202,80.71096426436617,55.44519477062645,31.088472534624543,0.8680649119593924,9.103655686954532,3.4285452865386583,44.64169289341491
CAPIACU_14,CAPIACU,Pennisetum purpureum cv. Capiaçu,9.289631133513312,85.5955563025977,62.86184660944158,38.232803920866296,0.8005817431855513,9.853054421233486,4.102997951878329,45.53757145186064
CAPIACU_15,CAPIACU,Pennisetum purpureum cv. Capiaçu,8.6043004832039,85.60590779624093,64.36861206655358,38.29349183755118,1.4793386331723102,9.57,3.797278412797113,44.86636230045813
CAPIACU_16,CAPIACU,Pennisetum purpureum cv. Capiaçu,16.242934324848587,90.14076095568655,69.46184404964156,43.75353272246186,1.5104555162165971,7.940727308637529,4.475046653834978,50.681379394510394
CAPIACU_17,CAPIACU,Pennisetum purpureum cv. Capiaçu,23.994639388713846,91.32424375552893,68.13921245306817,41.697487804000325,0.5932153789177698,5.671447584241682,3.665910113314927,53.26289219044239
CAPIACU_18,CAPIACU,Pennisetum purpureum cv. Capiaçu,28.032222557161504,93.08550014934349,69.88798797138628,40.82733727731783,0.5885130705844968,4.825711635640654,8.55758274633541,55.04915144932958
CAPIACU_19,CAPIACU,Pennisetum purpureum cv. Capiaçu,16.08130190373532,88.95971818655829,67.46876200402802,38.56960111831652,0.9917765174316329,6.080080472469417,4.561329692796479,51.395030812293946
CAPIACU_20,CAPIACU,Pennisetum purpureum cv. Capiaçu,14.966656931882756,88.93965111912492,65.5648724864814,37.90281208188302,0.9370152723785891,5.237655450798181,4.5198784020133465,51.10604657430702
CAPIACU_21,CAPIACU,Pennisetum purpureum cv. Capiaçu,20.283847395932266,90.61155837480624,67.67537819184419,40.02561357051807,1.0696982588004065,4.504503634011166,5.999205817547743,53.654492417863814
CAPIACU_22,CAPIACU,Pennisetum purpureum cv. Capiaçu,18.114828400666813,88.25551672403178,69.19817137968587,40.001497660985095,0.925471160675187,4.868519890466951,5.365880531328761,50.59111144620208
