feed,category,dm_pct,cp_pct_dm,cf_pct_dm,ee_pct_dm,om_pct_dm
Paddy straw,crop_residue,88.91,3.34,34.4,0.79,82.32
Wheat straw,crop_residue,91.88,3.26,32.27,0.98,89.04
Maize stover,crop_residue,93.1,3.24,33.17,0.85,90.86
Maize cobs,crop_residue,92.89,2.94,36.8,0.75,94.17
Lentil bhusa,crop_residue,91.76,8.1,35.95,1.24,83.25
Gram bhusa,crop_residue,90.6,8.48,39.5,1.14,89.77
Mustard bhusa,crop_residue,92.78,4.68,41.5,1.31,90.24
Mung bhusa,crop_residue,91.6,10.65,28.68,1.55,86.49
Urd bhusa,crop_residue,91.78,9.5,27.2,0.78,90.7
Arhar bhusa,crop_residue,90.45,13.05,37.88,1.9,95.6
Wheat,grains,93.28,9.34,5.03,2.88,92.25
Rice grit,grains,92.82,8.38,1.1,1.0,97.95
Maize,grains,88.4,9.77,2.39,1.75,94.9
Gram flour,grains,90.16,18.2,9.8,3.5,88.7
Wheat bran,byproducts,89.95,14.67,11.21,3.5,91.64
Rice bran,byproducts,90.38,9.88,23.01,6.94,83.52
Rice polish,byproducts,90.8,13.52,6.65,13.65,90.42
Deoiled rice bran,byproducts,90.2,15.32,17.48,0.68,77.59
Mustard cake,oilcakes,89.88,30.8,9.96,8.33,84.14
Linseed cake,oilcakes,90.22,32.68,8.65,3.32,91.5
Til cake,oilcakes,91.3,31.56,6.7,5.5,82.06
Sugarcane tops,other,37.43,5.04,32.98,2.7,92.4
Local grass,other,34.5,8.46,27.43,1.7,87.9
