feed,class,om_pct_dm,cp_pct_dm,ee_pct_dm,ndf_pct_dm,adf_pct_dm,lignin_pct_dm
Maize,Energy,97.86,9.29,4.07,18.19,5.25,1.33
Wheat,Energy,97.81,11.14,2.17,21.48,6.1,1.53
Jowar,Energy,97.37,8.81,2.72,18.42,6.33,1.53
Broken rice,Energy,98.9,8.8,1.98,23.2,11.14,0.98
Wheat bran,Energy,94.19,15.29,3.24,53.14,14.54,3.16
Deoiled rice bran,Energy,87.26,14.84,0.65,50.65,21.6,5.77
Rice polish,Energy,87.11,13.11,13.76,39.4,21.67,6.94
Groundnut meal,Protein,93.3,42.67,1.0,15.71,7.5,3.43
Mustard cake,Protein,94.55,37.1,7.88,24.52,15.73,3.33
Deoiled mustard cake,Protein,91.67,37.31,0.83,38.75,20.82,3.22
Soybean meal,Protein,91.05,45.23,1.12,21.5,11.91,1.75
Groundnut cake,Protein,93.86,42.11,7.95,25.2,17.57,3.41
