ingredient,class,cp_pct_dm,ee_pct_dm,cf_pct_dm,ash_pct_dm,ndf_pct_dm,adf_pct_dm,me_mcal_kg
Sorghum hay,hay,7.0,1.2,38.9,8.5,56.5,40.3,1.9
Wheat hay,hay,3.5,1.0,41.5,11.0,72.3,43.5,1.9
Maize hay,hay,3.6,0.8,33.2,10.5,62.2,37.4,2.1
Oats hay,hay,5.6,1.7,35.9,8.3,58.0,36.4,2.0
Cowpea hay,hay,15.0,1.1,34.8,13.3,54.0,48.0,1.8
Lucerne hay,hay,16,1.4,29.4,12.7,43.6,35.8,2.0
Berseem hay,hay,15,6.6,30.6,12.1,49.6,50.4,2.4
Para grass hay,hay,5.3,2.0,34.6,12.3,64.4,30.4,1.7
Guinea grass hay,hay,7.6,1.2,38.1,16.0,60.5,39.7,1.7
Rhodes grass hay,hay,9.4,1.2,36.2,11.1,72.0,39.8,2.1
