ingredient,group,cp_pct_dm,ee_pct_dm,cf_pct_dm,nfe_pct_dm,ash_pct_dm,ndf_pct_dm,adf_pct_dm,lignin_pct_dm,me_mcal_kg
Maize,grains,9.0,4.2,2.0,81.6,2.0,15.6,3.5,1.0,3.1
Sorghum,grains,8.7,2.5,3.0,81.6,2.8,10.9,5.9,1.1,3.0
Wheat,grains,11,2.6,2.0,81.5,2.4,16.0,4.0,1.2,2.9
Barley,grains,12,2.5,5.9,79.0,2.5,20.0,7.0,2.0,2.8
Oats,grains,11,4.4,15.5,63.3,5.0,13.8,5.0,2.9,2.6
Rice,grains,9,1.5,10.1,72.5,8.4,12.5,4.3,1.5,2.8
Bajra,grains,12,3.5,2.0,78.4,4.9,15.3,5.3,2.5,2.2
Black gram,grains,29.0,1.0,5.3,62.1,5.6,17.0,2.0,7.0,2.5
Whole cottonseed,grains,22.0,17.3,18.0,40.0,3.7,48.0,42.7,17.45,3.3
Wheat bran,milling_byproducts,16.0,2.2,15.0,59.9,8.4,64.0,14.5,3.6,2.7
Rice bran (de-oiled),milling_byproducts,17.0,1.5,18.0,48.1,18.2,38.2,11.9,4.3,2.1
Rice polish,milling_byproducts,14.0,14.0,12.0,49.2,11.8,19.4,15.0,3.0,2.7
Brewer's grain,milling_byproducts,25.4,6.5,14.9,48.4,4.8,44.0,23.0,5.5,2.4
Cane molasses,molasses,2.0,8.5,,84.2,3.5,,,,2.6
Soybean meal,protein,53.0,1.4,7.0,36.0,8.6,18.6,8.8,1.5,2.5
Groundnut oil cake,protein,40.0,8.2,7.4,35.9,7.5,23.3,18.2,3.6,2.8
Groundnut meal,protein,44.0,1.0,13.2,35.4,6.1,31.2,22.1,3.0,2.7
Cottonseed meal (decorticated),protein,41.0,9.2,6.3,37.8,8.2,28.0,20.0,6.0,2.8
Cottonseed meal (undecorticated),protein,22.8,9.2,24.1,36.6,7.3,53.9,41.2,11.5,2.5
Rapeseed meal,protein,42.0,1.0,8.5,48.2,4.7,23.8,15.4,2.4,2.5
Rape seed cake,protein,38.0,7.5,7.9,45.1,4.3,25.6,18.6,6.3,2.9
Sunflower meal (undecorticated),protein,31.0,6.7,25.3,27.2,14.0,39.9,26.9,8.2,1.9
Sesame oil cake,protein,30.0,10.0,8.0,39.2,8.6,14.3,8.2,1.3,2.3
Coconut meal,protein,30.0,0.5,9.0,54.5,9.0,37.6,22.2,3.1,2.3
