feed,class,cp_g_kg_dm,om_g_kg_dm,ee_g_kg_dm,ndf_g_kg_dm,adf_g_kg_dm,cellulose_g_kg_dm,lignin_g_kg_dm
Barley grain,Energy,103,943,15.2,414,157,113,23.0
Chickpea husk,Energy,45.0,951,5.88,672,648,592,55.5
Maize grain,Energy,99.1,979,47.7,364,61.8,47.6,15.5
Oat grain,Energy,96.4,963,52.3,351,156,134,12.5
Rice bran,Energy,70.1,803,45.6,668,523,249,128
Wheat bran A,Energy,132,929,27.1,560,174,121,39.8
Wheat bran B,Energy,154,940,34.9,399,121,86.0,31.4
Wheat grain,Energy,117,973,14.2,319,43.6,30.8,7.55
Coconut cake,Protein,254,937,61.3,596,228,195,38.9
Cotton seed cake,Protein,240,951,72.0,517,365,261,100
Groundnut cake,Protein,332,924,106,322,247,152,81.6
Mustard seed cake,Protein,348,895,82.0,264,223,123,72.2
