canonical,feed_class,form,n_rows,n_sources,sources,cp_pct_dm_mean,cp_pct_dm_min,cp_pct_dm_max,cf_pct_dm_mean,cf_pct_dm_min,cf_pct_dm_max,ndf_pct_dm_mean,ndf_pct_dm_min,ndf_pct_dm_max,fibre_pct_dm_mean,fibre_pct_dm_min,fibre_pct_dm_max,ee_pct_dm_mean,ee_pct_dm_min,ee_pct_dm_max,me_mcal_kg_mean,me_mcal_kg_min,me_mcal_kg_max,moisture_pct_mean,moisture_pct_min,moisture_pct_max
arhar chuni,byproducts,ingredient,2,1,bis_annex_c,19.0,18.0,20.0,13.5,9.0,18.0,,,,13.5,9.0,18.0,2.5,2.0,3.0,,,,7.0,7.0,7.0
brewer s grain,byproducts,ingredient,1,1,nddb_2012_concentrate,25.4,25.4,25.4,14.9,14.9,14.9,44.0,44.0,44.0,14.9,14.9,14.9,6.5,6.5,6.5,2.4,2.4,2.4,,,
chickpea husk,byproducts,ingredient,1,1,singh_2016,4.5,4.5,4.5,,,,67.2,67.2,67.2,67.2,67.2,67.2,0.588,0.588,0.588,,,,,,
deoiled rice bran,byproducts,ingredient,3,3,bis_annex_c;dey_2014_bihar;kannan_2017,15.053333333333333,14.84,15.32,16.240000000000002,15.0,17.48,50.65,50.65,50.65,27.709999999999997,15.0,50.65,0.665,0.65,0.68,,,,9.899999999999999,9.799999999999997,10.0
gram chuni,byproducts,ingredient,1,1,bis_annex_c,17.0,17.0,17.0,15.0,15.0,15.0,,,,15.0,15.0,15.0,1.0,1.0,1.0,,,,8.0,8.0,8.0
gram husk,byproducts,ingredient,1,1,bis_annex_c,6.0,6.0,6.0,48.0,48.0,48.0,,,,48.0,48.0,48.0,1.0,1.0,1.0,,,,8.0,8.0,8.0
guar meal,byproducts,ingredient,1,1,bis_annex_c,46.0,46.0,46.0,7.0,7.0,7.0,,,,7.0,7.0,7.0,5.0,5.0,5.0,,,,9.0,9.0,9.0
maize bran,byproducts,ingredient,1,1,bis_annex_c,11.0,11.0,11.0,9.0,9.0,9.0,,,,9.0,9.0,9.0,2.0,2.0,2.0,,,,8.0,8.0,8.0
moth chuni,byproducts,ingredient,1,1,bis_annex_c,13.0,13.0,13.0,12.0,12.0,12.0,,,,12.0,12.0,12.0,3.0,3.0,3.0,,,,7.0,7.0,7.0
mung chuni,byproducts,ingredient,1,1,bis_annex_c,20.0,20.0,20.0,16.0,16.0,16.0,,,,16.0,16.0,16.0,1.0,1.0,1.0,,,,8.0,8.0,8.0
rice bran,byproducts,ingredient,3,3,bis_annex_c;dey_2014_bihar;singh_2016,9.963333333333333,7.01,13.0,17.505000000000003,12.0,23.01,66.8,66.8,66.8,33.93666666666667,12.0,66.8,9.166666666666666,4.5600000000000005,16.0,,,,9.310000000000002,9.0,9.620000000000005
rice bran deoiled,byproducts,ingredient,1,1,nddb_2012_concentrate,17.0,17.0,17.0,18.0,18.0,18.0,38.2,38.2,38.2,18.0,18.0,18.0,1.5,1.5,1.5,2.1,2.1,2.1,,,
rice polish,byproducts,ingredient,3,3,dey_2014_bihar;kannan_2017;nddb_2012_concentrate,13.543333333333331,13.11,14.0,9.325,6.65,12.0,29.4,19.4,39.4,19.349999999999998,6.65,39.4,13.803333333333333,13.65,14.0,2.7,2.7,2.7,9.200000000000003,9.200000000000003,9.200000000000003
wheat bran,byproducts,ingredient,6,5,bis_annex_c;dey_2014_bihar;kannan_2017;nddb_2012_concentrate;singh_2016,14.926666666666668,13.2,16.0,12.07,10.0,15.0,53.26,39.9,64.0,30.875,10.0,56.0,3.1899999999999995,2.2,4.0,2.7,2.7,2.7,9.024999999999999,8.0,10.049999999999997
arhar bhusa,crop_residue,forage,1,1,dey_2014_bihar,13.05,13.05,13.05,37.88,37.88,37.88,,,,37.88,37.88,37.88,1.9,1.9,1.9,,,,9.549999999999997,9.549999999999997,9.549999999999997
gram bhusa,crop_residue,forage,1,1,dey_2014_bihar,8.48,8.48,8.48,39.5,39.5,39.5,,,,39.5,39.5,39.5,1.14,1.14,1.14,,,,9.400000000000006,9.400000000000006,9.400000000000006
lentil bhusa,crop_residue,forage,1,1,dey_2014_bihar,8.1,8.1,8.1,35.95,35.95,35.95,,,,35.95,35.95,35.95,1.24,1.24,1.24,,,,8.239999999999995,8.239999999999995,8.239999999999995
maize cobs,crop_residue,forage,1,1,dey_2014_bihar,2.94,2.94,2.94,36.8,36.8,36.8,,,,36.8,36.8,36.8,0.75,0.75,0.75,,,,7.109999999999999,7.109999999999999,7.109999999999999
maize stover,crop_residue,forage,1,1,dey_2014_bihar,3.24,3.24,3.24,33.17,33.17,33.17,,,,33.17,33.17,33.17,0.85,0.85,0.85,,,,6.900000000000006,6.900000000000006,6.900000000000006
mung bhusa,crop_residue,forage,1,1,dey_2014_bihar,10.65,10.65,10.65,28.68,28.68,28.68,,,,28.68,28.68,28.68,1.55,1.55,1.55,,,,8.400000000000006,8.400000000000006,8.400000000000006
mustard bhusa,crop_residue,forage,1,1,dey_2014_bihar,4.68,4.68,4.68,41.5,41.5,41.5,,,,41.5,41.5,41.5,1.31,1.31,1.31,,,,7.219999999999999,7.219999999999999,7.219999999999999
paddy straw,crop_residue,forage,1,1,dey_2014_bihar,3.34,3.34,3.34,34.4,34.4,34.4,,,,34.4,34.4,34.4,0.79,0.79,0.79,,,,11.090000000000003,11.090000000000003,11.090000000000003
urd bhusa,crop_residue,forage,1,1,dey_2014_bihar,9.5,9.5,9.5,27.2,27.2,27.2,,,,27.2,27.2,27.2,0.78,0.78,0.78,,,,8.219999999999999,8.219999999999999,8.219999999999999
wheat straw,crop_residue,forage,1,1,dey_2014_bihar,3.26,3.26,3.26,32.27,32.27,32.27,,,,32.27,32.27,32.27,0.98,0.98,0.98,,,,8.120000000000005,8.120000000000005,8.120000000000005
bajra,grains,ingredient,2,2,bis_annex_c;nddb_2012_concentrate,11.0,10.0,12.0,2.5,2.0,3.0,15.3,15.3,15.3,2.5,2.0,3.0,4.25,3.5,5.0,2.2,2.2,2.2,9.0,9.0,9.0
barley,grains,ingredient,3,3,bis_annex_c;nddb_2012_concentrate;singh_2016,10.433333333333334,9.0,12.0,4.95,4.0,5.9,30.7,20.0,41.4,17.099999999999998,4.0,41.4,2.0066666666666664,1.52,2.5,2.8,2.8,2.8,10.0,10.0,10.0
black gram,grains,ingredient,1,1,nddb_2012_concentrate,29.0,29.0,29.0,5.3,5.3,5.3,17.0,17.0,17.0,5.3,5.3,5.3,1.0,1.0,1.0,2.5,2.5,2.5,,,
gram,grains,ingredient,2,2,bis_annex_c;dey_2014_bihar,20.1,18.2,22.0,9.9,9.8,10.0,,,,9.9,9.8,10.0,3.25,3.0,3.5,,,,9.420000000000002,9.0,9.840000000000003
horse gram,grains,ingredient,1,1,bis_annex_c,25.0,25.0,25.0,6.0,6.0,6.0,,,,6.0,6.0,6.0,1.0,1.0,1.0,,,,9.0,9.0,9.0
maize,grains,ingredient,5,5,bis_annex_c;dey_2014_bihar;kannan_2017;nddb_2012_concentrate;singh_2016,9.394,9.0,9.91,2.1300000000000003,2.0,2.39,23.396666666666665,15.6,36.4,12.196000000000002,2.0,36.4,3.758,1.75,4.7700000000000005,3.1,3.1,3.1,10.799999999999997,10.0,11.599999999999994
oats,grains,ingredient,3,3,bis_annex_c;nddb_2012_concentrate;singh_2016,10.546666666666667,9.64,11.0,12.25,9.0,15.5,24.450000000000003,13.8,35.1,19.866666666666667,9.0,35.1,5.21,4.4,6.0,2.6,2.6,2.6,7.0,7.0,7.0
rice,grains,ingredient,3,3,dey_2014_bihar;kannan_2017;nddb_2012_concentrate,8.726666666666668,8.38,9.0,5.6,1.1,10.1,17.85,12.5,23.2,11.466666666666667,1.1,23.2,1.4933333333333334,1.0,1.98,2.8,2.8,2.8,7.180000000000007,7.180000000000007,7.180000000000007
sorghum,grains,ingredient,3,3,bis_annex_c;kannan_2017;nddb_2012_concentrate,8.503333333333332,8.0,8.81,2.0,1.0,3.0,14.66,10.9,18.42,7.473333333333334,1.0,18.42,2.74,2.5,3.0,3.0,3.0,3.0,9.0,9.0,9.0
wheat,grains,ingredient,4,4,dey_2014_bihar;kannan_2017;nddb_2012_concentrate;singh_2016,10.795,9.34,11.7,3.515,2.0,5.03,23.126666666666665,16.0,31.9,15.1025,2.0,31.9,2.2675,1.42,2.88,2.9,2.9,2.9,6.719999999999999,6.719999999999999,6.719999999999999
whole cottonseed,grains,ingredient,1,1,nddb_2012_concentrate,22.0,22.0,22.0,18.0,18.0,18.0,48.0,48.0,48.0,18.0,18.0,18.0,17.3,17.3,17.3,3.3,3.3,3.3,,,
berseem hay,hay,forage,1,1,nddb_2012_roughage,15.0,15.0,15.0,30.6,30.6,30.6,49.6,49.6,49.6,30.6,30.6,30.6,6.6,6.6,6.6,2.4,2.4,2.4,,,
cowpea hay,hay,forage,1,1,nddb_2012_roughage,15.0,15.0,15.0,34.8,34.8,34.8,54.0,54.0,54.0,34.8,34.8,34.8,1.1,1.1,1.1,1.8,1.8,1.8,,,
guinea grass hay,hay,forage,1,1,nddb_2012_roughage,7.6,7.6,7.6,38.1,38.1,38.1,60.5,60.5,60.5,38.1,38.1,38.1,1.2,1.2,1.2,1.7,1.7,1.7,,,
lucerne hay,hay,forage,1,1,nddb_2012_roughage,16.0,16.0,16.0,29.4,29.4,29.4,43.6,43.6,43.6,29.4,29.4,29.4,1.4,1.4,1.4,2.0,2.0,2.0,,,
maize hay,hay,forage,1,1,nddb_2012_roughage,3.6,3.6,3.6,33.2,33.2,33.2,62.2,62.2,62.2,33.2,33.2,33.2,0.8,0.8,0.8,2.1,2.1,2.1,,,
oats hay,hay,forage,1,1,nddb_2012_roughage,5.6,5.6,5.6,35.9,35.9,35.9,58.0,58.0,58.0,35.9,35.9,35.9,1.7,1.7,1.7,2.0,2.0,2.0,,,
para grass hay,hay,forage,1,1,nddb_2012_roughage,5.3,5.3,5.3,34.6,34.6,34.6,64.4,64.4,64.4,34.6,34.6,34.6,2.0,2.0,2.0,1.7,1.7,1.7,,,
rhodes grass hay,hay,forage,1,1,nddb_2012_roughage,9.4,9.4,9.4,36.2,36.2,36.2,72.0,72.0,72.0,36.2,36.2,36.2,1.2,1.2,1.2,2.1,2.1,2.1,,,
sorghum hay,hay,forage,1,1,nddb_2012_roughage,7.0,7.0,7.0,38.9,38.9,38.9,56.5,56.5,56.5,38.9,38.9,38.9,1.2,1.2,1.2,1.9,1.9,1.9,,,
wheat hay,hay,forage,1,1,nddb_2012_roughage,3.5,3.5,3.5,41.5,41.5,41.5,72.3,72.3,72.3,41.5,41.5,41.5,1.0,1.0,1.0,1.9,1.9,1.9,,,
molasses,molasses,ingredient,1,1,nddb_2012_concentrate,2.0,2.0,2.0,,,,,,,,,,8.5,8.5,8.5,2.6,2.6,2.6,,,
coconut cake,oilcakes,ingredient,2,2,bis_annex_c;singh_2016,24.2,23.0,25.4,8.0,8.0,8.0,59.6,59.6,59.6,33.8,8.0,59.6,7.0649999999999995,6.13,8.0,,,,9.0,9.0,9.0
coconut meal,oilcakes,ingredient,2,2,bis_annex_c;nddb_2012_concentrate,28.5,27.0,30.0,9.0,9.0,9.0,37.6,37.6,37.6,9.0,9.0,9.0,0.5,0.5,0.5,2.3,2.3,2.3,10.0,10.0,10.0
cottonseed cake,oilcakes,ingredient,1,1,singh_2016,24.0,24.0,24.0,,,,51.7,51.7,51.7,51.7,51.7,51.7,7.2,7.2,7.2,,,,,,
cottonseed meal,oilcakes,ingredient,1,1,bis_annex_c,37.0,37.0,37.0,15.0,15.0,15.0,,,,15.0,15.0,15.0,,,,,,,10.0,10.0,10.0
cottonseed meal decorticated,oilcakes,ingredient,1,1,nddb_2012_concentrate,41.0,41.0,41.0,6.3,6.3,6.3,28.0,28.0,28.0,6.3,6.3,6.3,9.2,9.2,9.2,2.8,2.8,2.8,,,
cottonseed meal undecorticated,oilcakes,ingredient,1,1,nddb_2012_concentrate,22.8,22.8,22.8,24.1,24.1,24.1,53.9,53.9,53.9,24.1,24.1,24.1,9.2,9.2,9.2,2.5,2.5,2.5,,,
cottonseed oil cake undecorticated,oilcakes,ingredient,1,1,bis_annex_c,22.0,22.0,22.0,23.0,23.0,23.0,,,,23.0,23.0,23.0,6.0,6.0,6.0,,,,10.0,10.0,10.0
groundnut cake,oilcakes,ingredient,4,4,bis_annex_c;kannan_2017;nddb_2012_concentrate;singh_2016,39.3275,33.2,42.11,7.2,7.0,7.4,26.900000000000002,23.3,32.2,17.950000000000003,7.0,32.2,8.6875,7.95,10.6,2.8,2.8,2.8,10.0,10.0,10.0
groundnut meal,oilcakes,ingredient,3,3,bis_annex_c;kannan_2017;nddb_2012_concentrate,43.55666666666667,42.67,44.0,12.1,11.0,13.2,23.455,15.71,31.2,13.303333333333333,11.0,15.71,1.0,1.0,1.0,2.7,2.7,2.7,10.0,10.0,10.0
linseed cake,oilcakes,ingredient,2,2,bis_annex_c;dey_2014_bihar,32.34,32.0,32.68,8.825,8.65,9.0,,,,8.825,8.65,9.0,4.16,3.32,5.0,,,,8.39,7.0,9.780000000000001
maize cake,oilcakes,ingredient,1,1,bis_annex_c,22.0,22.0,22.0,11.0,11.0,11.0,,,,11.0,11.0,11.0,11.0,11.0,11.0,,,,7.0,7.0,7.0
mustard cake,oilcakes,ingredient,5,5,bis_annex_c;dey_2014_bihar;kannan_2017;nddb_2012_concentrate;singh_2016,34.94,30.8,38.0,8.62,7.9,9.96,25.50666666666667,24.52,26.4,15.356,7.9,26.4,7.981999999999999,7.5,8.33,2.9,2.9,2.9,9.560000000000002,9.0,10.120000000000005
mustard meal,oilcakes,ingredient,3,3,bis_annex_c;kannan_2017;nddb_2012_concentrate,39.10333333333333,37.31,42.0,9.75,8.5,11.0,31.275,23.8,38.75,19.416666666666668,8.5,38.75,0.915,0.83,1.0,2.5,2.5,2.5,10.0,10.0,10.0
nigerseed oil cake,oilcakes,ingredient,1,1,bis_annex_c,36.0,36.0,36.0,16.0,16.0,16.0,,,,16.0,16.0,16.0,6.0,6.0,6.0,,,,9.0,9.0,9.0
safflower meal,oilcakes,ingredient,1,1,bis_annex_c,20.0,20.0,20.0,33.0,33.0,33.0,,,,33.0,33.0,33.0,,,,,,,6.0,6.0,6.0
soybean meal,oilcakes,ingredient,3,3,bis_annex_c;kannan_2017;nddb_2012_concentrate,47.74333333333333,45.0,53.0,7.0,7.0,7.0,20.05,18.6,21.5,11.833333333333334,7.0,21.5,1.26,1.12,1.4,2.5,2.5,2.5,10.0,10.0,10.0
sunflower meal,oilcakes,ingredient,1,1,bis_annex_c,28.0,28.0,28.0,29.0,29.0,29.0,,,,29.0,29.0,29.0,,,,,,,10.0,10.0,10.0
sunflower meal undecorticated,oilcakes,ingredient,1,1,nddb_2012_concentrate,31.0,31.0,31.0,25.3,25.3,25.3,39.9,39.9,39.9,25.3,25.3,25.3,6.7,6.7,6.7,1.9,1.9,1.9,,,
tapioca thippi,oilcakes,ingredient,1,1,bis_annex_c,3.0,3.0,3.0,11.0,11.0,11.0,,,,11.0,11.0,11.0,0.5,0.5,0.5,,,,6.0,6.0,6.0
til cake,oilcakes,ingredient,3,3,bis_annex_c;dey_2014_bihar;nddb_2012_concentrate,31.853333333333335,30.0,34.0,7.566666666666666,6.7,8.0,14.3,14.3,14.3,7.566666666666666,6.7,8.0,8.5,5.5,10.0,2.3,2.3,2.3,7.850000000000001,7.0,8.700000000000003
local grass,other,forage,1,1,dey_2014_bihar,8.46,8.46,8.46,27.43,27.43,27.43,,,,27.43,27.43,27.43,1.7,1.7,1.7,,,,65.5,65.5,65.5
sugarcane tops,other,forage,1,1,dey_2014_bihar,5.04,5.04,5.04,32.98,32.98,32.98,,,,32.98,32.98,32.98,2.7,2.7,2.7,,,,62.57,62.57,62.57
maize silage,silage,silage,3,1,brar_2021,7.38,5.55,8.44,,,,68.5,65.5,73.6,68.5,65.5,73.6,1.97,1.77,2.07,2.25012,2.23236,2.26152,78.7,77.53,80.47
wheat silage,silage,silage,8,1,hundal_2020,8.186250000000001,7.12,9.7,,,,64.05000000000001,61.2,68.6,64.05000000000001,61.2,68.6,2.1312499999999996,1.9,2.25,2.227365,2.0807999999999995,2.2932,,,
ambadi oil cake,waste,ingredient,1,1,bis_annex_c,22.0,22.0,22.0,18.0,18.0,18.0,,,,18.0,18.0,18.0,5.0,5.0,5.0,,,,6.0,6.0,6.0
babul chuni,waste,ingredient,1,1,bis_annex_c,16.0,16.0,16.0,13.0,13.0,13.0,,,,13.0,13.0,13.0,4.0,4.0,4.0,,,,8.0,8.0,8.0
bijda cake,waste,ingredient,1,1,bis_annex_c,26.0,26.0,26.0,30.0,30.0,30.0,,,,30.0,30.0,30.0,2.0,2.0,2.0,,,,5.0,5.0,5.0
cottonseed hull,waste,ingredient,1,1,bis_annex_c,7.0,7.0,7.0,42.0,42.0,42.0,,,,42.0,42.0,42.0,2.0,2.0,2.0,,,,8.0,8.0,8.0
mango seed kernel,waste,ingredient,1,1,bis_annex_c,6.0,6.0,6.0,3.0,3.0,3.0,,,,3.0,3.0,3.0,9.0,9.0,9.0,,,,8.0,8.0,8.0
prosopis juliflora pods,waste,ingredient,1,1,bis_annex_c,14.0,14.0,14.0,18.0,18.0,18.0,,,,18.0,18.0,18.0,3.0,3.0,3.0,,,,5.0,5.0,5.0
tamarind seed powder,waste,ingredient,1,1,bis_annex_c,14.0,14.0,14.0,4.0,4.0,4.0,,,,4.0,4.0,4.0,5.0,5.0,5.0,,,,7.0,7.0,7.0
